sprint_id,velocity_ratio,completion_pct,days_elapsed_ratio,overloaded_members_ratio,blocked_tasks_ratio,overdue_tasks_ratio,scope_ratio,high_priority_incomplete_ratio,success
523,0.303,33.3,0.619,0.612,0.228,0.384,1.717,0.749,0
602,0.875,59.1,0.6,0.334,0.147,0.023,0.949,0.319,1
526,0.006,81.6,1.0,0.589,0.265,0.301,1.328,0.085,0
31,0.007,100.0,1.0,0.004,0.588,0.081,1.767,0.044,0
616,0.444,80.9,0.9,0.138,0.068,0.239,0.769,0.279,1
585,0.032,2.5,0.294,0.665,0.198,0.196,1.52,0.876,0
444,0.307,7.7,0.182,0.614,0.575,0.424,0.797,0.897,0
732,0.0,0.0,0.091,0.963,0.469,0.305,1.915,1.0,0
76,0.244,70.5,0.905,0.469,0.566,0.25,1.068,0.293,0
411,0.615,64.9,0.75,0.727,0.369,0.394,1.028,0.366,0
568,0.327,57.7,0.8,0.574,0.576,0.399,1.364,0.381,0
70,0.282,22.4,0.5,0.822,0.346,0.343,1.817,0.707,0
675,0.5,78.9,0.875,0.634,0.494,0.323,1.8,0.163,0
101,0.426,53.6,0.727,0.86,0.58,0.402,0.783,0.437,0
894,0.004,74.5,1.0,0.477,0.412,0.357,1.837,0.286,0
925,1.2,92.8,0.9,0.259,0.142,0.055,1.341,0.029,1
629,0.0,0.0,0.071,0.446,0.365,0.098,1.5,1.0,0
299,0.002,81.1,1.0,0.826,0.129,0.428,0.788,0.119,0
924,0.003,81.1,1.0,0.401,0.002,0.286,1.429,0.207,0
424,0.124,3.6,0.158,0.109,0.411,0.413,1.189,0.985,0
96,0.168,17.9,0.538,0.993,0.237,0.004,1.146,0.894,0
900,0.22,40.7,0.75,0.684,0.579,0.337,1.973,0.669,0
260,0.0,1.1,0.167,0.292,0.173,0.39,0.729,1.0,0
350,0.219,13.6,0.4,0.851,0.35,0.472,1.447,0.778,0
528,1.6,64.2,0.526,0.109,0.134,0.061,1.875,0.397,1
694,1.938,99.3,0.941,0.191,0.053,0.075,0.97,0.041,1
361,0.947,25.1,0.25,0.283,0.05,0.03,1.63,0.702,1
611,0.321,23.5,0.471,0.693,0.08,0.148,1.406,0.795,0
884,0.106,2.9,0.167,0.085,0.218,0.272,1.021,0.956,0
720,0.204,26.6,0.632,0.805,0.008,0.056,1.558,0.637,0
486,0.456,73.7,0.857,0.358,0.256,0.052,1.651,0.321,0
693,0.184,35.0,0.737,0.958,0.07,0.359,1.02,0.637,0
9002,1.1,100.0,1.0,0.0,0.0,0.0,0.91,0.0,1
809,0.889,58.0,0.6,0.306,0.252,0.176,1.441,0.388,1
408,0.223,12.0,0.364,0.616,0.091,0.283,1.325,0.941,0
740,0.13,4.9,0.278,0.888,0.391,0.349,1.212,1.0,0
213,0.276,29.0,0.579,0.986,0.18,0.03,1.081,0.8,0
589,0.214,24.3,0.571,0.735,0.015,0.498,0.8,0.705,0
365,0.565,41.2,0.55,0.851,0.511,0.332,1.651,0.522,0
199,0.059,2.7,0.2,0.324,0.23,0.223,1.971,0.926,0
636,1.042,42.9,0.417,0.124,0.083,0.049,1.923,0.608,1
628,0.112,4.5,0.263,0.339,0.54,0.07,1.418,0.965,0
828,0.0,0.0,0.154,0.724,0.065,0.164,1.782,1.0,0
352,0.314,55.2,0.789,0.779,0.592,0.157,1.088,0.36,0
329,1.502,35.7,0.263,0.173,0.162,0.013,1.909,0.628,1
981,0.094,2.2,0.182,0.65,0.062,0.375,1.782,1.0,0
837,1.515,63.3,0.524,0.054,0.16,0.07,1.0,0.312,1
244,1.2,93.5,0.909,0.18,0.191,0.046,1.444,0.117,1
286,0.191,16.6,0.5,0.733,0.201,0.215,1.647,0.839,0
289,0.758,20.8,0.25,0.553,0.29,0.077,1.932,0.741,0
598,0.255,23.0,0.526,0.692,0.163,0.225,1.581,0.717,0
761,0.848,18.6,0.2,0.376,0.018,0.06,1.86,0.834,1
59,0.378,25.7,0.476,0.796,0.208,0.214,1.579,0.717,0
622,0.625,59.1,0.688,0.486,0.484,0.211,1.52,0.369,0
318,0.006,79.6,1.0,0.447,0.416,0.175,1.64,0.262,0
10,0.076,53.3,0.938,0.861,0.069,0.442,1.022,0.517,0
237,0.31,7.8,0.133,0.445,0.08,0.094,0.688,0.911,0
331,0.152,26.6,0.688,0.917,0.374,0.261,1.053,0.718,0
705,0.841,68.1,0.714,0.584,0.275,0.047,1.552,0.403,1
86,0.003,86.1,1.0,0.447,0.331,0.272,1.333,0.13,0
803,0.399,44.4,0.647,0.442,0.215,0.041,1.184,0.624,0
174,0.588,55.5,0.667,0.734,0.078,0.185,1.088,0.458,0
312,0.0,0.0,0.059,0.806,0.551,0.422,1.875,0.965,0
462,0.467,36.1,0.533,0.442,0.093,0.005,0.979,0.644,0
218,2.556,97.9,0.947,0.303,0.187,0.096,1.306,0.014,1
30,0.609,61.4,0.714,0.687,0.289,0.445,1.611,0.455,0
547,0.0,0.0,0.231,0.541,0.282,0.338,1.094,0.921,0
664,0.606,44.8,0.571,0.676,0.19,0.014,1.958,0.461,0
54,0.88,48.0,0.5,0.327,0.089,0.209,1.119,0.504,1
23,0.41,71.5,0.857,0.19,0.348,0.271,1.627,0.334,0
256,0.34,79.1,0.917,0.59,0.071,0.153,1.731,0.145,0
450,1.569,78.6,0.692,0.146,0.095,0.001,1.791,0.198,1
3,0.085,3.4,0.25,0.265,0.322,0.487,1.78,0.942,0
833,0.742,45.6,0.524,0.335,0.206,0.183,1.561,0.593,1
552,0.182,58.9,0.882,0.604,0.243,0.357,0.912,0.332,0
638,0.742,74.4,0.786,0.373,0.387,0.058,1.314,0.168,1
477,0.521,43.1,0.588,0.567,0.439,0.138,1.596,0.635,0
956,0.244,8.9,0.286,0.24,0.339,0.282,0.957,0.969,0
662,0.0,0.0,0.118,0.885,0.081,0.358,0.903,0.997,0
518,0.188,77.7,0.947,0.521,0.527,0.123,1.522,0.231,0
960,0.0,0.0,0.308,0.769,0.31,0.364,1.582,1.0,0
953,1.008,55.7,0.538,0.184,0.121,0.008,0.755,0.481,1
979,1.098,83.8,0.824,0.426,0.023,0.018,1.14,0.148,1
575,0.002,100.0,1.0,0.012,0.229,0.158,0.868,0.053,0
539,0.41,39.6,0.6,0.571,0.07,0.391,1.5,0.566,0
215,0.235,64.1,0.875,0.754,0.18,0.354,1.088,0.42,0
737,0.5,50.1,0.667,0.77,0.566,0.042,0.733,0.462,0
998,0.0,0.0,0.333,0.962,0.46,0.156,1.784,1.0,0
713,0.363,46.1,0.7,0.973,0.412,0.078,0.75,0.538,0
667,0.533,85.0,0.9,0.568,0.012,0.235,0.725,0.054,0
39,0.656,37.4,0.467,0.385,0.024,0.194,1.959,0.63,0
231,0.17,63.4,0.905,0.684,0.338,0.016,1.044,0.452,0
494,0.0,0.7,0.4,0.93,0.136,0.326,1.759,1.0,0
704,0.327,72.3,0.882,0.124,0.108,0.084,0.844,0.278,0
967,0.125,60.4,0.923,0.853,0.342,0.427,1.429,0.34,0
66,0.262,18.7,0.467,0.703,0.138,0.361,1.415,0.776,0
294,0.908,62.8,0.65,0.104,0.123,0.185,1.649,0.467,1
67,1.036,87.1,0.857,0.192,0.145,0.098,1.683,0.134,1
479,0.0,0.0,0.286,0.776,0.038,0.484,0.724,1.0,0
328,0.005,87.9,1.0,0.299,0.021,0.286,1.833,0.125,0
9003,1.15,100.0,1.0,0.0,0.0,0.0,1.09,0.0,1
107,0.682,51.5,0.6,0.061,0.491,0.344,1.851,0.404,0
983,0.893,34.7,0.364,0.351,0.127,0.17,1.298,0.694,1
346,0.462,51.4,0.684,0.721,0.156,0.209,1.098,0.463,0
298,0.092,6.5,0.273,0.314,0.579,0.104,0.909,0.897,0
643,0.005,81.0,1.0,0.846,0.454,0.057,1.414,0.182,0
307,0.003,77.7,1.0,0.27,0.131,0.448,1.333,0.279,0
854,0.214,5.1,0.143,0.478,0.006,0.133,0.725,1.0,0
506,0.323,6.2,0.167,0.561,0.148,0.265,0.943,0.905,0
296,0.938,20.8,0.211,0.075,0.174,0.021,0.87,0.75,1
880,0.19,54.8,0.85,0.987,0.447,0.397,0.73,0.389,0
666,0.0,0.0,0.067,0.648,0.039,0.152,1.0,0.968,0
100,1.157,96.5,0.944,0.257,0.193,0.03,1.051,0.118,1
88,0.253,52.5,0.812,0.495,0.579,0.166,1.725,0.395,0
63,1.182,82.6,0.8,0.212,0.056,0.06,1.105,0.25,1
843,0.865,46.4,0.5,0.333,0.052,0.045,1.468,0.438,1
888,0.667,22.9,0.3,0.677,0.286,0.031,1.286,0.817,0
139,0.245,51.2,0.81,0.508,0.108,0.107,1.531,0.577,0
757,0.005,100.0,1.0,0.12,0.577,0.137,1.333,0.021,0
615,0.167,41.7,0.8,0.888,0.279,0.02,0.763,0.556,0
499,0.15,77.7,0.95,0.424,0.207,0.328,0.844,0.277,0
665,0.37,20.8,0.4,0.765,0.058,0.173,1.655,0.763,0
584,0.156,5.1,0.211,0.103,0.437,0.389,1.271,0.852,0
109,0.322,18.5,0.389,0.329,0.002,0.429,0.979,0.744,0
916,1.167,51.0,0.462,0.001,0.042,0.047,0.759,0.572,1
650,1.178,92.5,0.9,0.172,0.195,0.01,1.611,0.038,1
533,0.362,75.6,0.889,0.233,0.001,0.012,1.733,0.269,0
445,0.312,27.0,0.533,0.869,0.55,0.14,1.966,0.674,0
605,0.0,0.0,0.154,0.89,0.273,0.194,1.444,0.927,0
136,1.086,52.4,0.5,0.052,0.013,0.009,1.698,0.512,1
811,0.415,46.2,0.667,0.574,0.123,0.195,1.72,0.545,0
514,1.198,48.1,0.421,0.079,0.1,0.06,1.568,0.561,1
753,0.66,71.3,0.789,0.475,0.072,0.061,1.138,0.314,0
158,0.3,29.9,0.556,0.661,0.431,0.083,0.825,0.69,0
310,0.0,0.0,0.333,0.914,0.211,0.284,1.104,0.928,0
327,0.618,13.5,0.182,0.414,0.322,0.406,1.137,0.929,0
9002,1.1,100.0,1.0,0.0,0.0,0.0,0.91,0.0,1
935,0.0,0.0,0.2,0.853,0.288,0.281,1.638,0.989,0
254,0.643,22.4,0.308,0.577,0.104,0.149,1.658,0.767,0
275,0.469,24.4,0.4,0.773,0.385,0.339,1.086,0.67,0
901,0.859,42.6,0.444,0.514,0.169,0.041,0.771,0.668,1
184,0.002,79.5,1.0,0.967,0.347,0.114,1.467,0.116,0
582,0.379,30.9,0.524,0.277,0.2,0.03,0.895,0.782,0
660,0.004,67.3,1.0,0.793,0.299,0.252,1.37,0.336,0
896,0.333,47.5,0.714,0.798,0.572,0.26,1.257,0.568,0
209,0.088,7.6,0.381,0.978,0.327,0.266,0.696,0.988,0
168,0.0,0.0,0.2,0.64,0.26,0.455,1.776,0.911,0
866,0.267,31.0,0.619,0.966,0.134,0.058,1.52,0.607,0
280,0.0,1.1,0.176,0.987,0.232,0.419,1.848,0.974,0
9004,0.45,71.0,1.0,0.75,0.21,0.64,1.59,0.38,0
541,0.0,0.0,0.167,0.913,0.479,0.452,1.707,0.931,0
55,0.23,38.2,0.727,1.0,0.041,0.479,1.667,0.526,0
120,0.002,92.3,1.0,0.029,0.185,0.17,1.467,0.001,0
554,1.042,56.0,0.545,0.431,0.157,0.054,1.75,0.387,1
25,0.83,49.3,0.538,0.246,0.03,0.177,1.909,0.52,1
72,0.585,82.7,0.882,0.305,0.576,0.05,1.795,0.226,0
538,0.398,35.5,0.579,0.577,0.212,0.485,1.383,0.601,0
44,0.35,66.6,0.846,0.147,0.367,0.384,0.974,0.325,0
497,0.0,0.0,0.118,0.399,0.078,0.067,1.213,1.0,0
198,0.519,57.3,0.714,0.611,0.496,0.258,1.667,0.345,0
377,0.598,52.8,0.643,0.046,0.493,0.371,1.174,0.453,0
314,0.071,2.7,0.25,0.976,0.475,0.48,1.075,1.0,0
718,0.8,30.8,0.333,0.259,0.214,0.002,0.8,0.616,1
208,1.385,83.3,0.765,0.133,0.036,0.054,0.786,0.173,1
721,0.0,0.0,0.077,0.65,0.515,0.269,1.306,0.917,0
918,0.417,30.4,0.5,0.743,0.223,0.325,1.659,0.638,0
535,0.733,40.1,0.476,0.3,0.003,0.251,1.711,0.567,1
695,0.184,12.6,0.438,0.727,0.245,0.073,0.98,0.832,0
604,0.143,63.7,0.923,0.779,0.142,0.206,1.863,0.303,0
590,0.88,17.7,0.188,0.5,0.144,0.219,1.4,0.73,1
290,0.614,41.3,0.524,0.373,0.105,0.391,1.763,0.684,0
959,0.448,49.3,0.684,0.29,0.047,0.313,1.444,0.598,0
332,0.579,21.7,0.312,0.758,0.338,0.05,1.412,0.74,0
210,0.398,40.2,0.615,0.937,0.019,0.33,0.878,0.621,0
342,0.667,78.4,0.833,0.608,0.516,0.279,0.709,0.201,0
60,1.511,71.8,0.611,0.106,0.178,0.046,1.8,0.213,1
344,0.882,57.1,0.6,0.283,0.02,0.216,1.532,0.458,1
890,0.894,40.3,0.421,0.11,0.101,0.018,1.031,0.679,1
711,0.291,58.3,0.824,0.904,0.399,0.416,1.736,0.419,0
467,0.359,58.9,0.789,0.188,0.582,0.011,1.605,0.506,0
423,0.314,12.9,0.312,0.623,0.435,0.171,1.455,0.862,0
259,0.436,18.0,0.333,0.505,0.295,0.355,1.196,0.809,0
780,0.194,49.6,0.824,0.841,0.143,0.17,0.727,0.415,0
405,1.379,22.5,0.167,0.212,0.028,0.018,0.949,0.799,1
788,0.853,41.4,0.429,0.057,0.298,0.104,1.367,0.526,1
767,0.274,62.5,0.857,0.395,0.435,0.499,0.771,0.45,0
483,0.576,70.1,0.8,0.468,0.335,0.469,1.847,0.282,0
530,0.76,15.9,0.188,0.065,0.305,0.093,1.241,0.846,1
810,0.571,81.1,0.875,0.3,0.471,0.461,1.667,0.12,0
999,0.321,51.5,0.762,0.596,0.374,0.304,1.837,0.471,0
966,0.844,37.8,0.4,0.45,0.015,0.25,1.562,0.533,1
110,0.231,40.9,0.75,0.661,0.215,0.394,1.737,0.608,0
995,0.069,57.7,0.947,0.927,0.322,0.259,0.9,0.475,0
558,1.219,55.2,0.5,0.206,0.114,0.091,1.449,0.409,1
793,0.067,56.7,0.95,0.975,0.104,0.443,1.695,0.477,0
936,1.11,45.8,0.417,0.056,0.109,0.002,1.3,0.451,1
919,0.867,17.7,0.188,0.12,0.272,0.045,0.828,0.812,1
942,0.387,11.9,0.25,0.721,0.489,0.057,0.875,0.866,0
319,0.0,0.0,0.048,0.969,0.529,0.176,1.194,0.975,0
516,0.153,14.3,0.5,0.758,0.52,0.245,1.566,0.822,0
449,0.453,23.5,0.4,0.18,0.412,0.407,1.211,0.809,0
783,0.243,5.8,0.182,0.295,0.37,0.206,0.765,1.0,0
593,0.429,85.5,0.923,0.633,0.058,0.306,0.86,0.212,0
909,0.714,92.3,0.941,0.325,0.244,0.356,1.582,0.149,1
743,0.741,40.2,0.474,0.727,0.336,0.302,1.757,0.55,0
137,0.079,4.5,0.357,0.873,0.398,0.458,1.792,0.917,0
799,0.318,7.0,0.176,0.374,0.193,0.187,1.343,0.969,0
933,0.811,14.5,0.167,0.1,0.292,0.003,1.0,0.775,1
822,0.706,15.9,0.2,0.381,0.196,0.004,1.6,0.763,1
765,0.133,68.5,0.938,0.961,0.583,0.0,0.677,0.401,0
261,0.002,86.4,1.0,0.775,0.325,0.378,1.424,0.188,0
567,0.0,0.0,0.158,0.684,0.187,0.026,1.297,0.969,0
832,0.48,8.1,0.143,0.678,0.08,0.088,1.102,0.971,0
381,0.449,45.1,0.636,0.504,0.55,0.381,1.471,0.504,0
333,0.459,49.2,0.667,0.655,0.022,0.138,1.224,0.437,0
536,1.561,94.7,0.905,0.194,0.096,0.047,1.939,0.005,1
351,0.444,50.7,0.692,0.53,0.082,0.1,1.818,0.475,0
785,0.388,62.1,0.8,0.108,0.041,0.395,1.109,0.317,0
451,0.142,62.1,0.917,0.785,0.515,0.024,1.391,0.299,0
78,0.636,40.4,0.5,0.471,0.102,0.271,0.75,0.623,0
29,0.111,50.9,0.9,0.939,0.534,0.371,1.897,0.422,0
712,0.285,69.0,0.882,0.563,0.254,0.184,1.19,0.247,0
277,0.0,0.0,0.154,0.59,0.189,0.07,0.828,0.955,0
247,0.482,74.9,0.857,0.109,0.213,0.323,1.51,0.16,1
657,1.051,93.4,0.929,0.273,0.189,0.036,1.692,0.111,1
306,0.654,35.3,0.444,0.795,0.39,0.214,1.98,0.703,0
165,0.24,12.2,0.357,0.794,0.591,0.396,0.895,0.826,0
816,0.355,29.6,0.526,0.275,0.267,0.412,0.958,0.725,0
178,0.875,78.5,0.8,0.431,0.119,0.091,1.385,0.124,1
485,0.0,1.5,0.222,0.385,0.149,0.313,1.636,0.921,0
65,0.907,87.3,0.882,0.222,0.195,0.071,0.709,0.137,1
141,0.286,3.5,0.111,0.131,0.109,0.346,1.137,0.99,0
436,0.44,16.3,0.3,0.353,0.12,0.008,1.969,0.878,0
522,0.15,12.6,0.455,0.718,0.424,0.317,1.575,0.791,0
844,0.519,52.6,0.667,0.94,0.23,0.154,1.222,0.572,0
420,0.518,68.4,0.8,0.479,0.5,0.011,1.303,0.225,0
404,0.003,85.0,1.0,0.554,0.025,0.286,1.927,0.128,0
679,0.63,10.0,0.15,0.236,0.532,0.246,1.905,0.965,0
265,0.007,100.0,1.0,0.136,0.551,0.496,1.978,0.087,0
879,0.667,10.6,0.143,0.275,0.006,0.051,1.296,0.818,1
292,1.1,55.7,0.526,0.368,0.155,0.073,1.509,0.452,1
221,0.048,3.2,0.4,0.741,0.561,0.29,0.744,0.951,0
827,0.737,25.7,0.308,0.091,0.156,0.07,1.878,0.777,1
235,0.202,72.5,0.929,0.553,0.408,0.33,1.318,0.192,0
525,1.412,37.9,0.3,0.004,0.092,0.086,1.848,0.63,1
192,0.458,27.3,0.421,0.226,0.248,0.359,0.757,0.647,0
321,1.297,18.7,0.143,0.338,0.141,0.043,1.915,0.844,1
49,0.55,43.6,0.571,0.272,0.048,0.075,1.625,0.541,0
891,0.76,17.4,0.214,0.01,0.167,0.036,1.737,0.911,1
2,0.295,21.6,0.474,0.698,0.129,0.382,1.818,0.704,0
817,0.597,57.7,0.692,0.46,0.055,0.323,1.875,0.507,0
370,1.809,92.0,0.85,0.224,0.104,0.069,1.667,0.112,1
921,0.472,36.4,0.538,0.975,0.378,0.059,1.617,0.623,0
249,0.369,21.6,0.421,0.772,0.09,0.499,1.182,0.781,0
548,0.0,0.0,0.2,0.891,0.42,0.308,1.209,0.962,0
432,0.0,0.0,0.167,0.801,0.424,0.08,1.333,1.0,0
9003,1.15,100.0,1.0,0.0,0.0,0.0,1.09,0.0,1
507,0.432,20.9,0.375,0.355,0.166,0.031,1.133,0.742,0
33,0.476,40.2,0.583,0.899,0.539,0.105,0.735,0.547,0
204,0.569,19.9,0.278,0.442,0.35,0.045,1.114,0.803,0
889,0.28,14.4,0.35,0.605,0.19,0.394,1.173,0.831,0
588,0.827,54.2,0.588,0.039,0.111,0.106,0.96,0.38,1
730,0.525,28.8,0.429,0.032,0.068,0.113,0.902,0.724,1
77,0.137,58.6,0.909,0.604,0.577,0.418,1.839,0.429,0
84,0.762,44.2,0.5,0.244,0.084,0.203,1.321,0.607,1
305,0.239,15.0,0.421,0.883,0.168,0.069,1.08,0.79,0
82,1.508,52.2,0.417,0.121,0.16,0.071,1.841,0.44,1
448,0.426,10.7,0.214,0.471,0.11,0.212,1.021,0.877,0
997,0.653,10.6,0.154,0.467,0.281,0.179,1.61,0.832,0
751,0.377,31.6,0.545,0.294,0.085,0.295,1.974,0.594,0
531,1.138,42.5,0.389,0.109,0.106,0.009,0.962,0.62,1
323,0.625,39.7,0.5,0.393,0.088,0.171,1.0,0.588,0
495,0.659,62.4,0.7,0.319,0.272,0.097,1.065,0.286,0
910,0.616,22.8,0.312,0.126,0.448,0.114,1.939,0.808,0
5,0.262,6.2,0.154,0.163,0.16,0.468,1.048,0.968,0
425,0.343,41.3,0.667,0.878,0.071,0.241,1.483,0.513,0
490,1.4,59.0,0.5,0.022,0.164,0.092,0.973,0.412,1
97,0.0,0.0,0.095,0.833,0.479,0.304,1.475,0.97,0
9003,1.15,100.0,1.0,0.0,0.0,0.0,1.09,0.0,1
422,0.0,0.0,0.062,0.947,0.596,0.434,1.621,0.934,0
885,0.0,0.0,0.05,0.905,0.267,0.289,1.081,1.0,0
281,0.456,19.9,0.333,0.017,0.129,0.461,1.296,0.891,1
266,0.004,88.5,1.0,0.711,0.506,0.196,0.86,0.043,0
442,0.0,0.0,0.133,0.314,0.161,0.474,1.894,1.0,0
745,0.003,66.7,1.0,0.844,0.171,0.392,1.846,0.376,0
382,0.714,27.0,0.333,0.413,0.249,0.325,1.727,0.74,1
692,0.346,77.0,0.9,0.907,0.157,0.426,1.48,0.14,0
893,0.884,69.4,0.714,0.318,0.109,0.16,1.848,0.399,1
534,0.392,19.0,0.364,0.414,0.484,0.106,1.491,0.839,0
118,0.408,55.6,0.75,0.868,0.36,0.176,1.561,0.46,0
388,0.237,34.9,0.692,0.693,0.233,0.478,1.727,0.747,0
250,0.456,32.0,0.5,0.831,0.187,0.228,1.949,0.622,0
943,0.667,34.0,0.429,0.182,0.264,0.209,0.794,0.755,0
453,0.564,30.7,0.429,0.867,0.346,0.325,1.233,0.7,0
9,0.0,0.0,0.231,0.861,0.475,0.211,1.326,0.913,0
196,2.407,18.4,0.071,0.107,0.091,0.064,1.067,0.821,1
618,0.583,40.2,0.533,0.47,0.54,0.226,1.333,0.572,0
81,0.743,80.2,0.833,0.362,0.202,0.018,0.767,0.152,1
398,0.002,88.1,1.0,0.67,0.255,0.052,1.5,0.127,0
501,0.0,1.4,0.182,0.927,0.008,0.347,0.755,0.908,0
634,0.554,57.7,0.684,0.415,0.341,0.457,0.688,0.363,0
239,0.478,68.4,0.812,0.905,0.313,0.343,0.796,0.25,0
309,0.665,6.7,0.095,0.576,0.19,0.365,1.981,1.0,0
211,0.971,41.9,0.4,0.034,0.2,0.032,0.778,0.49,1
834,0.0,3.4,0.056,0.309,0.146,0.04,0.703,0.893,0
380,0.346,75.8,0.9,0.483,0.415,0.087,1.254,0.305,0
601,0.297,16.7,0.35,0.797,0.299,0.08,0.763,0.918,0
227,0.509,54.7,0.7,0.107,0.145,0.31,1.909,0.404,0
873,0.389,16.5,0.3,0.422,0.455,0.196,1.4,0.84,0
359,0.0,0.0,0.111,0.654,0.069,0.222,1.98,0.925,0
813,2.0,100.0,0.952,0.069,0.041,0.029,0.733,0.052,1
177,0.633,52.8,0.636,0.215,0.16,0.279,1.283,0.541,0
994,0.414,19.4,0.353,0.66,0.07,0.171,1.086,0.775,0
756,1.54,58.7,0.476,0.085,0.115,0.005,1.532,0.427,1
493,0.14,57.3,0.905,0.642,0.346,0.039,1.875,0.338,0
334,0.222,34.2,0.684,0.691,0.553,0.449,1.194,0.562,0
892,0.327,50.0,0.75,0.821,0.209,0.286,1.83,0.456,0
7,0.257,15.0,0.4,0.401,0.526,0.157,0.732,0.882,0
155,0.296,31.6,0.6,0.989,0.022,0.323,1.102,0.641,0
842,0.305,41.7,0.7,0.595,0.105,0.19,1.791,0.544,0
750,0.19,7.8,0.286,0.602,0.222,0.145,1.417,0.927,0
941,0.466,39.2,0.571,0.811,0.473,0.431,1.176,0.704,0
482,0.004,88.3,1.0,0.256,0.431,0.007,1.5,0.201,0
846,0.511,40.8,0.571,0.696,0.441,0.121,1.609,0.499,0
749,1.034,27.3,0.25,0.129,0.024,0.021,0.848,0.722,1
903,0.002,85.9,1.0,0.929,0.495,0.018,1.208,0.134,0
591,1.269,65.7,0.6,0.118,0.105,0.094,1.636,0.417,1
952,0.369,48.4,0.714,0.424,0.313,0.489,1.087,0.441,0
580,0.0,0.0,0.2,0.856,0.458,0.324,1.942,1.0,0
439,0.745,57.4,0.643,0.694,0.22,0.086,1.714,0.394,1
542,0.004,85.5,1.0,0.31,0.523,0.411,1.644,0.233,0
596,0.45,9.2,0.182,0.168,0.263,0.463,0.868,0.816,0
723,0.458,30.8,0.471,0.051,0.509,0.216,1.056,0.675,0
677,1.667,17.8,0.1,0.029,0.132,0.018,0.889,0.892,1
478,0.378,17.4,0.333,0.296,0.272,0.388,1.375,0.828,0
228,0.062,3.3,0.333,0.959,0.594,0.113,1.2,1.0,0
974,0.081,3.3,0.286,0.913,0.337,0.447,1.6,0.907,0
814,1.071,14.3,0.118,0.327,0.031,0.011,1.366,0.865,1
212,1.462,57.7,0.471,0.14,0.163,0.073,0.979,0.387,1
79,0.0,0.0,0.176,0.321,0.198,0.347,1.133,0.958,0
148,0.716,23.1,0.294,0.615,0.124,0.32,1.611,0.778,1
302,0.328,29.1,0.538,0.582,0.013,0.032,1.585,0.789,0
355,1.164,43.4,0.389,0.226,0.026,0.038,1.567,0.584,1
429,0.552,86.9,0.923,0.107,0.152,0.427,1.109,0.116,1
519,0.173,2.0,0.095,0.19,0.464,0.143,1.191,0.913,0
362,0.841,35.5,0.389,0.16,0.247,0.125,1.61,0.592,1
594,1.157,20.7,0.182,0.221,0.067,0.084,1.333,0.841,1
357,0.003,100.0,1.0,0.165,0.242,0.114,1.156,0.073,0
133,2.933,96.9,0.882,0.077,0.123,0.051,0.742,0.061,1
829,0.174,37.4,0.769,0.939,0.064,0.162,1.889,0.529,0
311,0.008,90.4,1.0,0.309,0.034,0.301,1.948,0.004,0
621,0.379,44.8,0.667,0.292,0.139,0.474,1.244,0.581,0
464,0.514,57.6,0.714,0.374,0.262,0.125,1.73,0.467,0
993,0.562,61.9,0.727,0.487,0.412,0.188,0.727,0.344,0
0,0.9,20.4,0.2,0.223,0.222,0.109,1.633,0.814,1
316,1.083,24.5,0.214,0.392,0.006,0.06,1.629,0.839,1
722,0.343,14.0,0.294,0.166,0.267,0.243,1.244,0.764,0
559,0.235,42.5,0.75,0.986,0.512,0.031,1.438,0.655,0
371,1.217,55.3,0.5,0.149,0.011,0.064,1.133,0.378,1
544,1.27,20.7,0.158,0.103,0.062,0.058,1.3,0.756,1
849,0.408,33.1,0.538,0.692,0.395,0.191,1.771,0.63,0
394,0.553,22.2,0.333,0.092,0.398,0.166,1.395,0.737,1
172,0.329,86.7,0.95,0.417,0.533,0.273,1.526,0.162,0
125,0.17,8.5,0.286,0.289,0.448,0.088,0.87,0.891,0
898,0.235,10.4,0.273,0.554,0.577,0.212,0.771,0.897,0
578,0.0,0.0,0.3,0.832,0.315,0.343,1.4,0.97,0
948,0.741,22.2,0.273,0.372,0.267,0.171,1.643,0.797,1
920,0.409,8.4,0.182,0.301,0.121,0.36,1.4,0.825,0
90,0.491,27.9,0.429,0.852,0.228,0.158,1.592,0.765,0
970,0.0,0.0,0.118,0.146,0.019,0.301,0.894,0.976,0
181,2.078,94.7,0.895,0.039,0.095,0.046,1.333,0.093,1
363,0.0,0.0,0.2,0.669,0.468,0.038,0.831,1.0,0
274,0.414,38.5,0.6,0.694,0.23,0.365,0.839,0.535,0
912,0.516,22.2,0.333,0.864,0.4,0.215,1.054,0.772,0
69,0.47,37.8,0.556,0.103,0.282,0.22,1.923,0.558,0
291,0.0,0.0,0.188,0.774,0.332,0.004,1.293,0.94,0
131,0.891,79.3,0.8,0.449,0.199,0.207,1.659,0.172,1
300,0.711,30.6,0.381,0.049,0.015,0.157,1.15,0.685,1
447,0.0,0.0,0.235,0.689,0.228,0.05,1.365,0.972,0
326,0.0,0.0,0.2,0.465,0.339,0.076,0.75,1.0,0
144,0.21,73.4,0.929,0.966,0.363,0.437,1.333,0.177,0
551,0.541,25.3,0.375,0.789,0.293,0.033,1.885,0.669,0
595,0.401,47.0,0.688,0.546,0.128,0.023,1.939,0.464,0
655,0.558,69.6,0.8,0.523,0.086,0.2,0.824,0.322,0
135,1.286,85.1,0.8,0.039,0.105,0.061,1.344,0.122,1
430,0.352,41.4,0.667,0.755,0.335,0.089,1.974,0.598,0
164,0.387,52.1,0.727,0.997,0.401,0.355,1.857,0.489,0
28,0.34,17.5,0.364,0.834,0.59,0.404,1.049,0.831,0
587,0.792,34.8,0.4,0.632,0.149,0.263,1.078,0.62,1
193,1.0,9.2,0.083,0.407,0.095,0.02,1.4,1.0,1
790,0.003,77.3,1.0,0.419,0.526,0.455,1.133,0.226,0
652,0.481,29.0,0.444,0.124,0.297,0.181,0.837,0.667,1
169,0.806,78.4,0.818,0.323,0.374,0.153,1.088,0.173,1
513,0.426,26.8,0.45,0.132,0.37,0.303,1.706,0.754,0
140,1.316,49.2,0.412,0.077,0.102,0.054,1.973,0.556,1
173,0.393,35.4,0.571,0.297,0.095,0.208,1.73,0.639,0
6,0.251,10.8,0.316,0.462,0.413,0.11,1.638,0.857,0
656,0.622,20.0,0.273,0.339,0.071,0.4,1.156,0.845,0
964,0.005,78.5,1.0,0.978,0.39,0.07,1.296,0.139,0
73,0.752,29.4,0.35,0.24,0.001,0.157,1.553,0.725,1
764,1.433,79.4,0.714,0.203,0.108,0.017,1.279,0.155,1
653,0.0,0.0,0.095,0.385,0.187,0.488,1.125,0.989,0
238,0.147,71.6,0.944,0.354,0.471,0.432,0.814,0.186,0
145,0.258,38.6,0.706,0.851,0.096,0.225,1.894,0.617,0
808,0.195,60.7,0.882,0.846,0.251,0.219,1.725,0.463,0
234,0.35,4.5,0.067,0.341,0.238,0.387,1.242,0.861,0
220,0.75,28.4,0.333,0.466,0.211,0.294,1.158,0.798,1
500,0.41,29.5,0.5,0.623,0.12,0.187,1.755,0.756,0
673,0.0,0.0,0.083,0.577,0.563,0.134,1.6,1.0,0
132,0.438,35.8,0.55,0.442,0.355,0.176,1.265,0.557,0
9003,1.15,100.0,1.0,0.0,0.0,0.0,1.09,0.0,1
433,0.0,0.0,0.2,0.435,0.223,0.305,0.875,1.0,0
670,0.083,6.1,0.389,0.996,0.375,0.479,1.026,0.983,0
185,0.143,8.5,0.353,0.775,0.145,0.286,1.5,0.955,0
41,0.717,62.5,0.688,0.127,0.327,0.346,1.595,0.398,1
625,0.186,4.4,0.154,0.126,0.123,0.354,1.968,0.989,0
108,0.648,78.1,0.846,0.051,0.435,0.093,1.46,0.285,1
603,0.105,5.0,0.333,0.515,0.433,0.296,1.714,0.915,0
56,0.459,24.2,0.4,0.152,0.069,0.474,1.778,0.751,0
428,0.25,82.1,0.947,0.709,0.314,0.26,1.023,0.154,0
468,0.4,18.3,0.357,0.233,0.13,0.21,1.618,0.875,0
576,0.0,0.0,0.2,0.956,0.515,0.167,1.39,0.953,0
877,0.0,0.0,0.083,0.18,0.39,0.297,1.152,1.0,0
24,2.118,19.1,0.1,0.157,0.17,0.007,1.312,0.723,1
440,0.253,66.5,0.882,0.482,0.38,0.497,1.448,0.37,0
882,0.003,93.4,1.0,0.539,0.074,0.376,1.344,0.16,0
543,0.933,24.3,0.25,0.388,0.001,0.155,1.639,0.794,1
633,0.429,76.2,0.875,0.086,0.593,0.263,1.765,0.206,0
830,0.914,53.1,0.55,0.22,0.186,0.068,1.2,0.382,1
944,0.657,47.9,0.579,0.383,0.29,0.236,1.735,0.585,0
338,0.871,29.6,0.308,0.456,0.066,0.084,0.768,0.697,1
51,0.0,0.0,0.053,0.38,0.179,0.195,1.842,1.0,0
383,0.848,77.7,0.8,0.201,0.242,0.232,1.906,0.15,1
527,0.609,38.0,0.5,0.049,0.206,0.071,1.51,0.527,1
938,0.403,14.4,0.286,0.687,0.295,0.495,1.831,0.801,0
887,0.0,1.2,0.231,0.359,0.253,0.275,1.408,0.941,0
264,0.45,17.7,0.308,0.532,0.194,0.352,0.764,0.781,0
549,2.0,100.0,0.923,0.079,0.093,0.013,1.556,0.081,1
913,0.232,52.4,0.818,0.629,0.079,0.019,0.918,0.574,0
697,0.544,47.7,0.619,0.708,0.044,0.278,0.961,0.433,0
395,0.498,81.4,0.895,0.115,0.543,0.307,1.978,0.21,0
529,0.003,73.3,1.0,0.749,0.056,0.15,1.418,0.24,0
868,0.0,0.0,0.048,0.19,0.192,0.183,0.769,1.0,0
18,0.344,44.2,0.692,0.576,0.484,0.095,1.618,0.477,0
731,0.397,31.5,0.529,0.77,0.512,0.437,1.7,0.705,0
678,0.449,60.7,0.762,0.314,0.54,0.204,0.709,0.366,0
581,0.854,15.7,0.167,0.467,0.157,0.245,0.923,0.896,1
976,0.463,53.7,0.7,0.988,0.381,0.319,1.368,0.479,0
367,0.004,80.5,1.0,0.8,0.1,0.066,1.595,0.241,0
83,0.188,64.7,0.9,0.461,0.299,0.358,0.814,0.355,0
61,0.007,94.1,1.0,0.616,0.29,0.218,1.935,0.116,0
841,0.667,37.3,0.467,0.423,0.406,0.355,0.905,0.686,0
272,0.96,15.2,0.143,0.372,0.012,0.088,1.16,0.893,1
285,0.0,0.0,0.3,0.701,0.314,0.391,0.697,1.0,0
360,0.818,53.0,0.571,0.301,0.199,0.176,0.885,0.511,1
354,0.34,44.6,0.7,0.383,0.438,0.475,1.238,0.632,0
481,0.0,0.0,0.091,0.873,0.115,0.016,1.911,1.0,0
278,1.195,41.1,0.364,0.285,0.17,0.066,1.468,0.55,1
12,0.004,71.3,1.0,0.609,0.097,0.477,1.769,0.371,0
182,1.517,37.6,0.278,0.163,0.169,0.059,1.9,0.625,1
368,0.0,0.0,0.167,0.802,0.367,0.39,1.884,1.0,0
599,0.343,65.2,0.833,0.717,0.376,0.391,0.731,0.318,0
630,0.658,22.0,0.286,0.677,0.214,0.217,0.8,0.801,0
223,1.188,95.6,0.941,0.169,0.037,0.089,0.909,0.142,1
971,3.0,96.1,0.867,0.054,0.137,0.027,1.953,0.088,1
714,1.824,91.7,0.85,0.079,0.03,0.013,1.062,0.165,1
777,0.0,0.0,0.1,0.844,0.408,0.233,1.912,0.972,0
557,0.0,0.0,0.2,0.903,0.454,0.33,1.75,0.991,0
465,1.007,66.4,0.65,0.079,0.153,0.091,1.179,0.398,1
597,0.005,99.1,1.0,0.016,0.004,0.463,1.184,0.077,0
707,0.392,34.4,0.545,0.831,0.377,0.135,0.735,0.687,0
176,0.491,34.1,0.5,0.19,0.28,0.44,1.441,0.659,0
680,0.66,40.2,0.5,0.6,0.178,0.257,1.844,0.576,0
853,0.468,23.4,0.385,0.627,0.1,0.147,1.828,0.742,0
954,1.182,68.9,0.647,0.165,0.085,0.027,1.52,0.232,1
456,0.38,24.9,0.462,0.605,0.469,0.469,1.525,0.801,0
532,0.794,47.1,0.526,0.26,0.144,0.04,1.488,0.542,1
393,1.161,61.2,0.571,0.073,0.044,0.018,1.436,0.302,1
163,0.808,19.1,0.222,0.215,0.36,0.144,1.684,0.733,1
248,0.517,49.8,0.65,0.106,0.306,0.259,1.667,0.518,0
649,0.417,51.4,0.714,0.781,0.342,0.05,1.146,0.502,0
902,0.003,85.2,1.0,0.851,0.18,0.147,1.02,0.091,0
684,0.538,26.9,0.4,0.639,0.411,0.267,1.395,0.679,0
375,0.002,67.4,1.0,0.95,0.49,0.422,1.528,0.292,0
412,0.887,35.5,0.368,0.543,0.205,0.032,0.746,0.624,1
74,0.0,0.0,0.071,0.703,0.14,0.132,1.054,1.0,0
113,0.828,77.6,0.8,0.49,0.334,0.088,1.211,0.154,1
583,0.0,0.0,0.214,0.61,0.065,0.27,0.773,0.986,0
572,0.125,7.5,0.381,0.862,0.58,0.298,0.933,0.989,0
390,1.032,60.9,0.6,0.196,0.059,0.018,1.463,0.428,1
104,0.498,32.4,0.476,0.045,0.07,0.117,1.22,0.684,1
114,0.271,16.7,0.417,0.712,0.318,0.227,1.51,0.854,0
417,0.49,27.9,0.429,0.377,0.392,0.418,1.396,0.724,0
668,0.831,43.4,0.467,0.098,0.249,0.09,1.188,0.567,1
457,0.45,71.6,0.833,0.125,0.564,0.35,0.907,0.2,0
409,0.37,20.4,0.375,0.712,0.504,0.067,1.1,0.843,0
92,1.375,80.2,0.727,0.046,0.072,0.043,1.6,0.147,1
819,0.098,60.7,0.938,0.699,0.567,0.12,1.881,0.468,0
89,0.0,0.0,0.235,0.722,0.582,0.037,1.87,1.0,0
336,0.386,71.4,0.857,0.188,0.445,0.38,1.465,0.359,0
9001,1.2,100.0,1.0,0.0,0.0,0.0,0.85,0.0,1
939,1.037,44.8,0.429,0.36,0.179,0.06,1.5,0.488,1
951,0.111,2.1,0.1,0.16,0.408,0.438,1.673,0.99,0
883,0.889,25.5,0.273,0.005,0.038,0.027,1.474,0.686,1
620,0.0,0.0,0.143,0.875,0.014,0.208,0.885,1.0,0
789,0.667,79.4,0.846,0.342,0.369,0.203,0.949,0.244,0
626,0.0,0.0,0.2,0.534,0.243,0.25,1.268,0.929,0
94,0.225,17.0,0.45,0.899,0.407,0.079,1.023,0.818,0
11,0.972,55.0,0.55,0.454,0.06,0.064,1.061,0.386,1
396,0.65,49.6,0.6,0.386,0.014,0.233,1.881,0.558,0
545,0.722,38.4,0.462,0.532,0.056,0.056,0.944,0.571,1
43,0.169,8.7,0.35,0.659,0.38,0.168,1.304,0.976,0
42,0.627,39.3,0.5,0.287,0.347,0.152,1.766,0.595,0
167,0.188,38.7,0.762,0.823,0.385,0.225,1.217,0.649,0
416,1.116,49.9,0.467,0.04,0.141,0.052,1.889,0.567,1
876,2.833,97.8,0.923,0.102,0.075,0.098,0.7,0.083,1
426,0.161,75.2,0.947,0.522,0.419,0.214,0.696,0.336,0
899,0.0,0.0,0.238,0.698,0.114,0.416,1.333,0.901,0
980,0.889,73.9,0.75,0.382,0.212,0.134,0.898,0.301,1
975,2.0,100.0,0.905,0.014,0.1,0.032,0.878,0.079,1
687,0.307,83.9,0.941,0.717,0.495,0.349,1.226,0.162,0
257,0.545,16.2,0.238,0.138,0.292,0.269,1.196,0.922,0
335,0.0,0.0,0.357,0.972,0.585,0.222,1.789,1.0,0
15,0.437,44.1,0.643,0.929,0.121,0.156,1.474,0.658,0
644,0.0,0.0,0.182,0.48,0.083,0.221,0.857,1.0,0
324,0.004,79.8,1.0,0.2,0.383,0.489,1.51,0.197,0
774,0.263,85.2,0.952,0.111,0.296,0.276,0.694,0.18,0
222,0.167,8.3,0.333,0.833,0.566,0.169,0.975,0.97,0
179,0.004,87.9,1.0,0.289,0.459,0.14,0.936,0.218,0
9004,0.45,71.0,1.0,0.75,0.21,0.64,1.59,0.38,0
521,0.134,71.6,0.947,0.451,0.538,0.448,1.206,0.361,0
22,0.82,50.5,0.538,0.002,0.298,0.08,0.776,0.534,1
356,0.122,3.6,0.167,0.456,0.203,0.444,0.75,1.0,0
961,0.994,53.2,0.533,0.36,0.008,0.075,0.855,0.505,1
905,0.35,4.6,0.067,0.085,0.246,0.457,1.242,0.856,0
340,0.404,71.4,0.857,0.027,0.468,0.107,1.589,0.23,0
431,0.62,41.5,0.529,0.736,0.069,0.11,1.436,0.641,0
773,0.0,0.0,0.154,0.808,0.58,0.018,1.482,0.999,0
850,0.0,0.0,0.188,0.814,0.558,0.199,1.515,0.962,0
203,0.907,81.4,0.818,0.078,0.242,0.174,1.386,0.126,1
917,0.481,46.9,0.636,0.364,0.401,0.341,1.0,0.585,0
93,0.238,15.0,0.375,0.871,0.299,0.292,0.914,0.797,0
570,0.179,78.7,0.952,0.127,0.167,0.066,1.067,0.169,0
68,0.0,0.0,0.143,0.361,0.32,0.137,0.946,1.0,0
754,1.048,89.3,0.882,0.089,0.082,0.023,1.824,0.086,1
284,0.417,71.6,0.857,0.058,0.07,0.306,1.628,0.195,1
927,0.776,26.0,0.308,0.633,0.035,0.229,0.83,0.75,1
434,0.463,43.7,0.625,0.946,0.297,0.005,1.942,0.633,0
153,0.522,11.6,0.2,0.133,0.488,0.088,1.444,0.94,0
75,0.659,29.7,0.368,0.648,0.039,0.073,0.837,0.665,0
746,0.812,22.3,0.25,0.105,0.319,0.104,1.173,0.696,1
446,0.378,13.2,0.263,0.478,0.208,0.43,1.355,0.923,0
188,0.318,33.6,0.611,0.61,0.167,0.149,1.149,0.753,0
271,0.976,26.9,0.273,0.202,0.198,0.038,1.273,0.806,1
236,0.582,39.8,0.526,0.082,0.47,0.077,1.018,0.58,1
487,0.524,59.2,0.722,0.534,0.541,0.275,1.13,0.507,0
117,0.0,0.0,0.182,0.812,0.574,0.281,0.814,1.0,0
835,0.318,31.7,0.588,0.642,0.359,0.473,0.889,0.731,0
512,0.387,13.4,0.273,0.727,0.577,0.152,1.775,0.915,0
9004,0.45,71.0,1.0,0.75,0.21,0.64,1.59,0.38,0
685,0.476,61.2,0.765,0.928,0.054,0.411,1.867,0.335,0
126,1.393,46.8,0.381,0.072,0.087,0.046,1.413,0.448,1
116,0.33,70.8,0.875,0.313,0.412,0.237,0.811,0.211,0
473,0.333,20.3,0.4,0.325,0.351,0.198,1.0,0.746,0
708,0.384,3.9,0.067,0.325,0.544,0.399,1.5,0.887,0
57,0.182,70.5,0.929,0.964,0.492,0.482,0.902,0.217,0
689,0.141,7.5,0.294,0.314,0.15,0.357,1.2,0.979,0
929,1.096,45.8,0.417,0.106,0.189,0.026,1.367,0.567,1
369,0.0,0.0,0.25,0.888,0.157,0.157,1.889,1.0,0
268,1.383,61.5,0.533,0.002,0.019,0.097,1.333,0.412,1
46,0.571,51.4,0.636,0.465,0.274,0.401,0.919,0.519,0
349,0.225,57.7,0.857,0.654,0.447,0.154,1.87,0.48,0
195,0.241,25.3,0.583,0.997,0.112,0.375,1.776,0.821,0
9004,0.45,71.0,1.0,0.75,0.21,0.64,1.59,0.38,0
851,0.591,55.6,0.667,0.525,0.259,0.088,0.8,0.382,0
706,0.005,100.0,1.0,0.026,0.073,0.187,1.578,0.093,0
752,1.029,37.1,0.357,0.002,0.174,0.042,0.917,0.644,1
263,0.596,26.5,0.364,0.689,0.38,0.083,1.75,0.663,0
443,0.22,26.6,0.615,0.873,0.501,0.418,0.943,0.706,0
958,1.051,77.0,0.75,0.331,0.02,0.081,1.588,0.16,1
304,0.002,86.3,1.0,0.173,0.165,0.223,1.167,0.067,0
341,0.659,80.2,0.846,0.513,0.369,0.209,1.028,0.125,0
613,0.003,87.3,1.0,0.627,0.516,0.035,0.929,0.206,0
986,0.176,20.4,0.579,0.993,0.116,0.322,0.9,0.862,0
149,0.154,76.8,0.952,0.238,0.252,0.397,1.239,0.224,0
124,0.374,23.9,0.455,0.527,0.237,0.3,1.569,0.663,0
802,0.906,56.3,0.571,0.041,0.125,0.091,1.152,0.419,1
869,0.424,57.1,0.75,0.107,0.19,0.408,1.471,0.389,1
50,0.002,89.1,1.0,0.331,0.124,0.21,0.778,0.19,0
353,0.296,25.4,0.529,0.576,0.458,0.044,1.667,0.769,0
945,0.297,7.2,0.188,0.578,0.132,0.044,1.625,0.9,0
142,0.002,71.8,1.0,0.676,0.366,0.376,0.75,0.338,0
470,0.441,20.6,0.353,0.817,0.585,0.357,1.861,0.771,0
399,0.246,33.9,0.667,0.747,0.43,0.019,1.76,0.576,0
716,0.281,85.5,0.95,0.586,0.068,0.331,1.018,0.081,0
320,0.508,32.8,0.471,0.295,0.045,0.085,1.286,0.647,1
19,0.706,69.3,0.75,0.673,0.03,0.287,1.233,0.367,1
826,0.353,67.5,0.85,0.391,0.359,0.024,1.56,0.3,0
806,0.0,0.0,0.071,0.783,0.493,0.379,1.074,0.902,0
825,0.387,29.5,0.5,0.217,0.319,0.221,1.265,0.614,0
407,0.35,25.8,0.455,0.487,0.403,0.117,0.939,0.699,0
537,0.297,38.7,0.667,0.896,0.557,0.028,1.5,0.618,0
635,0.265,31.6,0.625,0.835,0.444,0.112,1.319,0.742,0
38,1.364,69.6,0.611,0.179,0.008,0.06,0.733,0.273,1
175,0.157,7.1,0.267,0.248,0.567,0.432,0.841,0.912,0
245,0.258,27.8,0.588,0.673,0.145,0.329,1.589,0.765,0
845,0.657,54.1,0.636,0.385,0.414,0.424,0.741,0.514,0
682,0.47,53.5,0.706,0.546,0.578,0.44,1.923,0.553,0
770,0.0,0.0,0.1,0.895,0.236,0.041,0.922,1.0,0
968,0.0,0.0,0.176,0.9,0.108,0.054,1.293,1.0,0
154,2.0,100.0,0.941,0.063,0.007,0.02,0.92,0.079,1
287,0.333,67.9,0.857,0.455,0.516,0.083,1.5,0.253,0
617,1.091,39.2,0.368,0.32,0.136,0.028,1.667,0.521,1
569,0.006,96.1,1.0,0.26,0.101,0.026,1.094,0.138,0
759,0.357,34.6,0.583,0.382,0.325,0.143,1.8,0.59,0
17,0.158,3.9,0.2,0.067,0.043,0.119,1.519,0.995,0
127,0.607,55.1,0.667,0.29,0.102,0.467,1.442,0.441,0
322,0.487,58.2,0.737,0.206,0.332,0.463,0.743,0.426,0
255,0.468,64.0,0.786,0.597,0.069,0.176,1.333,0.352,0
688,0.332,23.1,0.467,0.738,0.457,0.321,1.633,0.705,0
984,0.387,39.7,0.619,0.508,0.159,0.419,1.9,0.662,0
190,0.427,52.7,0.722,0.955,0.025,0.478,1.966,0.389,0
115,0.0,0.0,0.182,0.721,0.533,0.207,1.544,1.0,0
631,1.558,17.3,0.111,0.148,0.077,0.001,1.559,0.796,1
606,0.367,16.1,0.333,0.202,0.341,0.14,1.16,0.761,0
180,0.001,97.0,1.0,0.394,0.335,0.183,0.848,0.019,0
301,0.167,50.8,0.857,0.804,0.037,0.39,0.811,0.437,0
940,0.955,61.6,0.611,0.15,0.153,0.042,0.918,0.459,1
728,0.355,34.8,0.6,0.622,0.052,0.241,1.309,0.586,0
739,0.322,65.4,0.85,0.874,0.546,0.004,1.231,0.302,0
9002,1.1,100.0,1.0,0.0,0.0,0.0,0.91,0.0,1
787,1.071,43.9,0.417,0.311,0.029,0.047,1.25,0.582,1
517,0.703,38.6,0.471,0.608,0.155,0.243,1.209,0.663,1
9001,1.2,100.0,1.0,0.0,0.0,0.0,0.85,0.0,1
45,0.138,72.5,0.95,0.494,0.413,0.446,1.611,0.347,0
926,0.13,55.1,0.9,0.942,0.162,0.395,1.054,0.478,0
157,0.167,73.6,0.941,0.267,0.047,0.301,1.878,0.329,0
760,1.681,39.3,0.273,0.059,0.005,0.006,1.923,0.585,1
171,1.077,28.9,0.263,0.338,0.165,0.003,1.543,0.62,1
16,0.605,48.1,0.6,0.121,0.013,0.274,1.864,0.537,0
511,0.487,40.6,0.583,0.656,0.19,0.279,1.966,0.684,0
48,0.005,87.6,1.0,0.752,0.459,0.261,1.316,0.149,0
991,0.346,32.0,0.562,0.935,0.591,0.433,0.765,0.602,0
857,0.473,48.0,0.65,0.873,0.274,0.349,1.476,0.565,0
515,0.25,6.7,0.2,0.138,0.245,0.484,1.193,1.0,0
911,0.375,25.7,0.467,0.48,0.457,0.124,1.653,0.673,0
480,0.598,58.1,0.692,0.154,0.385,0.055,1.333,0.424,0
283,0.0,0.0,0.143,0.536,0.458,0.325,1.891,1.0,0
734,0.221,64.5,0.889,0.647,0.074,0.101,1.83,0.449,0
669,0.149,17.0,0.55,0.969,0.508,0.394,1.486,0.898,0
225,0.556,19.6,0.273,0.373,0.56,0.456,0.967,0.836,0
26,0.002,89.7,1.0,0.239,0.387,0.229,0.947,0.189,0
798,0.327,11.0,0.267,0.873,0.532,0.105,1.516,0.806,0
437,0.209,49.8,0.818,0.915,0.136,0.482,1.641,0.493,0
969,1.393,92.9,0.875,0.317,0.043,0.074,1.194,0.02,1
364,0.338,57.2,0.786,0.264,0.524,0.426,1.27,0.401,0
229,0.007,93.6,1.0,0.094,0.286,0.318,1.544,0.115,0
37,0.0,0.0,0.077,0.279,0.167,0.321,0.941,0.98,0
985,0.514,34.8,0.5,0.033,0.225,0.408,1.867,0.716,0
374,0.533,13.3,0.2,0.549,0.363,0.31,1.214,0.828,0
469,0.972,71.0,0.706,0.33,0.013,0.099,1.591,0.204,1
987,0.183,34.6,0.737,0.977,0.31,0.219,1.912,0.574,0
867,0.202,20.7,0.545,0.745,0.076,0.157,1.453,0.769,0
908,0.384,73.7,0.875,0.16,0.576,0.491,1.113,0.187,0
741,0.907,63.6,0.65,0.084,0.213,0.143,0.944,0.289,1
194,0.111,5.7,0.333,0.652,0.434,0.468,0.76,1.0,0
934,1.731,10.4,0.062,0.132,0.029,0.063,1.758,0.799,1
881,0.786,79.0,0.824,0.325,0.223,0.127,1.436,0.25,1
503,0.006,87.4,1.0,0.583,0.153,0.03,1.558,0.066,0
989,0.844,17.1,0.182,0.153,0.328,0.02,1.267,0.805,1
847,0.63,64.2,0.733,0.261,0.084,0.116,1.577,0.374,0
579,0.177,15.7,0.476,0.619,0.394,0.418,0.947,0.933,0
988,0.361,53.5,0.75,0.843,0.502,0.08,1.515,0.429,0
162,0.292,74.8,0.909,0.314,0.016,0.093,1.382,0.255,0
717,0.774,55.6,0.583,0.314,0.286,0.203,0.806,0.397,1
152,0.206,33.2,0.7,0.981,0.214,0.034,1.298,0.616,0
696,0.714,23.0,0.286,0.37,0.042,0.181,1.286,0.844,1
715,0.833,65.2,0.692,0.551,0.039,0.113,1.07,0.267,1
928,0.0,0.8,0.238,0.325,0.494,0.11,1.86,1.0,0
111,0.609,21.6,0.3,0.526,0.265,0.178,0.763,0.803,0
226,1.607,16.2,0.1,0.017,0.195,0.002,1.404,0.901,1
703,0.0,0.0,0.231,0.706,0.024,0.178,1.29,1.0,0
103,0.003,75.3,1.0,0.884,0.133,0.032,1.297,0.312,0
421,0.002,100.0,1.0,0.039,0.1,0.461,0.857,0.052,0
419,0.0,0.6,0.154,0.15,0.43,0.059,1.522,0.94,0
848,0.583,23.2,0.3,0.644,0.424,0.487,0.833,0.684,0
586,0.244,45.1,0.762,0.54,0.491,0.241,1.267,0.563,0
796,1.618,82.1,0.737,0.144,0.038,0.053,1.621,0.218,1
672,0.575,52.3,0.643,0.313,0.375,0.227,1.073,0.53,0
119,0.517,14.3,0.231,0.35,0.458,0.287,1.314,0.919,0
53,0.463,16.5,0.294,0.592,0.386,0.068,1.388,0.827,0
151,0.0,0.0,0.375,0.975,0.326,0.393,1.569,1.0,0
403,0.487,61.6,0.75,0.797,0.576,0.072,0.865,0.42,0
963,0.286,5.4,0.167,0.17,0.168,0.182,0.822,0.863,0
207,0.667,41.4,0.5,0.766,0.514,0.162,0.93,0.665,0
658,0.003,89.3,1.0,0.108,0.138,0.471,1.043,0.013,0
9002,1.1,100.0,1.0,0.0,0.0,0.0,0.91,0.0,1
778,0.278,18.5,0.4,0.532,0.117,0.041,1.032,0.829,0
8,0.167,72.6,0.938,0.745,0.351,0.449,1.029,0.254,0
824,0.002,72.1,1.0,0.607,0.321,0.195,0.914,0.194,0
36,1.115,21.9,0.19,0.222,0.07,0.082,1.833,0.856,1
452,0.0,0.0,0.083,0.839,0.201,0.18,1.75,1.0,0
651,1.036,89.4,0.889,0.44,0.167,0.098,1.585,0.091,1
253,0.787,32.8,0.375,0.396,0.186,0.134,1.514,0.573,1
303,1.492,39.0,0.294,0.123,0.034,0.057,1.875,0.674,1
762,0.219,26.1,0.615,0.949,0.279,0.204,1.674,0.735,0
571,0.0,0.0,0.071,0.91,0.268,0.404,0.83,0.952,0
623,0.933,41.3,0.417,0.484,0.225,0.025,1.714,0.544,1
858,0.55,5.9,0.083,0.279,0.221,0.309,0.857,0.973,0
758,0.23,69.3,0.905,0.607,0.295,0.467,0.795,0.275,0
262,1.203,47.2,0.412,0.298,0.053,0.086,0.814,0.445,1
610,0.907,12.4,0.125,0.034,0.237,0.134,1.968,0.795,1
297,0.004,83.6,1.0,0.318,0.566,0.068,1.2,0.218,0
414,0.875,28.8,0.316,0.159,0.214,0.218,1.352,0.759,1
150,0.606,62.0,0.727,0.575,0.255,0.304,1.388,0.328,0
861,0.22,7.0,0.235,0.195,0.526,0.392,1.189,0.974,0
640,0.91,62.3,0.643,0.194,0.027,0.143,1.9,0.386,1
906,0.611,33.9,0.45,0.299,0.316,0.132,1.297,0.759,0
550,0.892,70.7,0.714,0.471,0.265,0.128,1.273,0.375,1
807,0.971,84.9,0.85,0.228,0.109,0.067,1.926,0.208,1
488,0.473,30.3,0.467,0.608,0.225,0.275,1.519,0.746,0
710,0.167,4.2,0.188,0.389,0.452,0.327,1.8,0.882,0
147,0.417,33.9,0.545,0.839,0.088,0.019,0.73,0.745,0
146,0.201,5.1,0.188,0.885,0.032,0.251,1.883,0.896,0
736,0.319,19.2,0.4,0.422,0.257,0.459,1.676,0.888,0
949,0.0,0.0,0.083,0.245,0.09,0.091,1.147,1.0,0
755,0.0,0.0,0.111,0.736,0.424,0.286,1.567,1.0,0
659,0.0,0.0,0.095,0.972,0.196,0.151,0.786,1.0,0
348,0.568,46.1,0.6,0.841,0.176,0.235,1.087,0.587,0
463,0.378,29.1,0.5,0.688,0.286,0.005,1.308,0.695,0
325,0.142,11.6,0.455,0.895,0.326,0.092,1.2,0.962,0
186,0.0,0.0,0.077,0.413,0.465,0.46,1.091,1.0,0
123,0.085,3.7,0.2,0.486,0.129,0.256,1.263,0.932,0
870,0.938,60.4,0.615,0.283,0.217,0.006,1.275,0.36,1
608,0.48,71.6,0.833,0.412,0.355,0.418,1.809,0.239,0
143,0.214,32.9,0.692,0.904,0.568,0.492,1.081,0.663,0
978,2.0,100.0,0.95,0.016,0.164,0.012,0.717,0.05,1
197,0.846,72.0,0.75,0.331,0.091,0.047,1.045,0.327,1
609,0.712,59.2,0.667,0.327,0.461,0.354,1.83,0.487,1
279,0.294,83.6,0.944,0.646,0.573,0.247,1.667,0.087,0
293,0.392,11.5,0.231,0.233,0.526,0.475,1.9,0.785,0
400,0.17,11.6,0.417,0.911,0.378,0.217,0.787,0.788,0
122,0.0,0.0,0.2,0.777,0.53,0.078,1.098,1.0,0
183,0.003,71.3,1.0,0.475,0.404,0.49,1.6,0.304,0
202,0.56,33.0,0.467,0.757,0.457,0.34,1.404,0.689,0
438,0.0,0.0,0.062,0.106,0.204,0.059,0.921,1.0,0
246,0.102,2.3,0.188,0.582,0.251,0.018,1.977,1.0,0
415,0.476,56.6,0.706,0.232,0.026,0.103,0.968,0.516,1
792,0.351,30.2,0.538,0.363,0.333,0.071,1.771,0.686,0
781,0.444,40.3,0.6,0.776,0.057,0.223,1.0,0.522,0
923,0.0,0.0,0.105,0.741,0.319,0.257,1.964,0.915,0
784,0.002,87.5,1.0,0.795,0.061,0.325,1.267,0.16,0
904,0.332,64.4,0.842,0.46,0.003,0.445,1.161,0.294,0
129,0.421,28.1,0.462,0.633,0.544,0.175,0.907,0.765,0
637,0.0,0.0,0.077,0.994,0.217,0.24,1.667,0.987,0
402,1.228,50.8,0.455,0.087,0.076,0.082,1.582,0.398,1
800,0.551,65.8,0.762,0.638,0.022,0.11,1.044,0.283,0
786,0.662,20.4,0.263,0.421,0.1,0.06,1.36,0.705,0
735,0.409,21.5,0.4,0.287,0.223,0.377,1.75,0.757,0
930,0.163,76.1,0.947,0.324,0.485,0.376,1.75,0.17,0
219,0.422,27.3,0.471,0.397,0.465,0.19,1.481,0.733,0
641,0.732,91.1,0.933,0.271,0.045,0.213,1.579,0.155,1
932,0.493,73.5,0.842,0.021,0.49,0.344,1.633,0.203,0
852,0.8,29.2,0.333,0.451,0.08,0.225,0.933,0.769,1
823,0.308,23.6,0.5,0.461,0.145,0.475,1.667,0.692,0
937,1.318,63.7,0.556,0.142,0.045,0.039,1.364,0.334,1
624,1.567,89.0,0.833,0.285,0.139,0.067,0.898,0.041,1
855,1.86,97.4,0.95,0.211,0.121,0.099,1.982,0.096,1
950,0.401,63.7,0.81,0.412,0.387,0.007,1.923,0.285,0
386,0.0,0.0,0.1,0.984,0.504,0.345,1.028,0.959,0
992,0.0,0.0,0.211,0.895,0.507,0.456,0.879,0.942,0
509,0.004,89.7,1.0,0.417,0.582,0.455,1.509,0.069,0
267,1.263,51.6,0.45,0.076,0.019,0.052,1.22,0.44,1
836,0.8,18.7,0.2,0.521,0.325,0.225,1.105,0.759,1
441,0.003,69.8,1.0,0.517,0.149,0.047,1.225,0.337,0
496,0.383,38.4,0.619,0.505,0.472,0.074,1.659,0.583,0
112,0.004,90.4,1.0,0.727,0.313,0.229,1.919,0.189,0
691,0.383,35.9,0.579,0.414,0.567,0.442,1.055,0.586,0
232,0.0,0.0,0.067,0.752,0.557,0.15,0.967,1.0,0
886,0.5,50.9,0.667,0.688,0.142,0.094,1.388,0.451,0
607,0.387,75.5,0.882,0.22,0.474,0.319,0.907,0.267,0
671,0.144,5.0,0.211,0.566,0.126,0.398,1.125,0.98,0
373,0.864,47.3,0.5,0.448,0.106,0.232,1.281,0.577,1
9002,1.1,100.0,1.0,0.0,0.0,0.0,0.91,0.0,1
859,0.003,84.1,1.0,0.986,0.01,0.18,1.558,0.068,0
233,0.791,64.1,0.684,0.384,0.404,0.224,1.863,0.359,1
801,0.814,49.8,0.538,0.571,0.098,0.024,1.083,0.553,1
676,0.55,28.7,0.421,0.192,0.278,0.28,1.0,0.7,0
317,1.128,45.2,0.421,0.141,0.069,0.032,1.42,0.575,1
648,0.0,0.0,0.182,0.901,0.018,0.073,1.475,1.0,0
410,0.207,61.9,0.882,0.487,0.364,0.421,1.159,0.453,0
915,0.286,21.5,0.467,0.644,0.218,0.471,0.778,0.828,0
709,0.568,36.7,0.5,0.547,0.239,0.089,1.725,0.726,0
358,0.621,24.3,0.333,0.169,0.459,0.18,0.717,0.785,0
258,1.2,79.6,0.75,0.187,0.011,0.036,1.314,0.105,1
744,0.542,55.4,0.667,0.449,0.272,0.491,0.758,0.507,0
627,0.193,30.4,0.647,0.976,0.177,0.448,0.676,0.79,0
632,0.375,33.6,0.571,0.728,0.482,0.144,1.421,0.725,0
282,0.505,46.9,0.625,0.424,0.322,0.308,1.62,0.487,0
376,1.312,88.6,0.842,0.114,0.0,0.036,1.538,0.141,1
384,0.002,73.8,1.0,0.694,0.456,0.281,0.917,0.278,0
224,0.211,66.7,0.9,0.945,0.004,0.069,1.774,0.359,0
973,0.0,0.0,0.2,0.963,0.21,0.21,1.862,0.995,0
965,0.777,82.9,0.842,0.401,0.055,0.119,1.161,0.24,1
472,0.349,22.0,0.429,0.745,0.152,0.319,1.514,0.72,0
347,0.01,96.1,1.0,0.343,0.321,0.392,1.981,0.126,0
505,0.641,39.5,0.5,0.231,0.056,0.145,1.842,0.678,0
639,0.616,41.6,0.533,0.163,0.372,0.463,1.586,0.494,0
9004,0.45,71.0,1.0,0.75,0.21,0.64,1.59,0.38,0
797,0.433,46.9,0.667,0.921,0.113,0.268,1.953,0.589,0
946,0.0,0.0,0.077,0.921,0.217,0.425,1.415,1.0,0
922,0.2,48.6,0.824,0.791,0.418,0.064,1.891,0.423,0
619,0.567,9.1,0.15,0.087,0.173,0.478,1.833,0.831,0
872,0.0,0.0,0.2,0.7,0.107,0.244,1.625,0.978,0
820,0.485,64.3,0.786,0.698,0.545,0.206,1.064,0.409,0
645,0.233,27.3,0.611,0.744,0.514,0.071,1.6,0.672,0
863,0.263,72.2,0.9,0.753,0.063,0.497,1.0,0.184,0
556,1.221,47.8,0.417,0.109,0.164,0.033,1.217,0.551,1
977,0.553,27.3,0.4,0.696,0.227,0.174,1.962,0.817,0
577,0.494,29.7,0.455,0.773,0.403,0.385,1.44,0.707,0
795,1.067,56.6,0.545,0.24,0.034,0.053,0.966,0.494,1
85,0.818,15.1,0.167,0.34,0.313,0.08,1.684,0.809,1
242,0.659,59.3,0.688,0.136,0.109,0.139,1.114,0.5,1
698,0.556,47.4,0.615,0.939,0.426,0.405,1.153,0.427,0
159,0.0,0.0,0.118,0.615,0.588,0.474,1.83,0.915,0
524,0.0,0.0,0.263,0.769,0.186,0.384,1.829,0.989,0
35,0.0,0.0,0.062,0.782,0.518,0.405,1.657,0.953,0
540,0.321,57.2,0.8,0.497,0.498,0.151,1.032,0.433,0
170,0.825,41.0,0.455,0.274,0.2,0.138,1.5,0.524,1
654,0.402,59.2,0.778,0.189,0.285,0.34,1.974,0.344,0
907,1.667,86.3,0.75,0.006,0.04,0.019,0.857,0.045,1
874,0.251,12.8,0.357,0.394,0.475,0.433,1.885,0.783,0
864,0.004,83.4,1.0,0.719,0.074,0.068,1.69,0.173,0
962,0.865,28.6,0.308,0.567,0.269,0.033,1.469,0.788,1
733,0.626,74.0,0.818,0.63,0.09,0.138,1.355,0.248,0
95,0.394,44.7,0.667,0.69,0.12,0.192,1.513,0.55,0
563,0.098,2.7,0.167,0.86,0.363,0.213,1.529,0.909,0
240,0.508,24.0,0.357,0.167,0.291,0.038,1.316,0.711,1
742,0.565,41.4,0.556,0.312,0.096,0.014,0.806,0.645,1
574,0.714,7.4,0.091,0.301,0.448,0.09,1.286,0.962,1
690,0.0,0.0,0.25,0.793,0.524,0.067,1.456,0.935,0
460,0.0,0.0,0.083,0.864,0.561,0.274,1.548,0.927,0
553,0.085,2.0,0.167,0.401,0.146,0.08,1.091,0.976,0
895,0.371,35.0,0.583,0.918,0.425,0.125,1.646,0.672,0
206,0.281,16.6,0.4,0.345,0.561,0.035,0.792,0.921,0
392,0.645,43.4,0.533,0.154,0.43,0.285,1.904,0.635,0
794,2.0,100.0,0.933,0.021,0.004,0.068,1.0,0.038,1
397,0.078,58.3,0.944,0.898,0.049,0.048,1.318,0.512,0
766,0.418,33.2,0.529,0.999,0.351,0.255,1.02,0.577,0
865,0.506,63.0,0.762,0.872,0.554,0.032,1.719,0.339,0
217,0.549,8.1,0.133,0.052,0.362,0.437,1.638,0.857,0
4,0.63,44.4,0.556,0.577,0.377,0.364,1.5,0.653,0
768,0.509,63.8,0.769,0.884,0.157,0.376,1.935,0.353,0
642,0.933,30.3,0.3,0.412,0.027,0.026,1.065,0.642,1
914,0.26,28.8,0.583,0.864,0.184,0.317,1.5,0.658,0
612,0.0,0.0,0.091,0.703,0.35,0.488,1.556,0.993,0
738,0.487,42.8,0.583,0.66,0.035,0.316,1.194,0.615,0
546,0.005,85.2,1.0,0.543,0.085,0.352,1.362,0.105,0
725,0.205,66.4,0.9,0.553,0.25,0.237,1.233,0.335,0
683,1.667,66.7,0.533,0.021,0.007,0.074,1.173,0.393,1
98,0.722,28.3,0.35,0.628,0.019,0.298,1.02,0.624,1
804,0.001,60.2,1.0,0.927,0.216,0.273,0.8,0.365,0
727,0.665,44.9,0.55,0.131,0.209,0.181,1.475,0.64,1
573,0.214,50.6,0.824,0.726,0.441,0.173,1.185,0.523,0
406,0.385,13.5,0.286,0.852,0.277,0.275,0.909,0.823,0
502,0.453,89.2,0.941,0.212,0.155,0.242,1.1,0.154,0
47,0.611,49.3,0.611,0.613,0.251,0.443,1.667,0.496,0
32,0.368,44.0,0.667,0.945,0.327,0.417,0.702,0.576,0
779,0.048,3.4,0.4,0.917,0.186,0.313,1.25,0.885,0
839,0.0,0.0,0.167,0.236,0.28,0.082,1.457,0.94,0
200,0.516,21.3,0.333,0.262,0.037,0.059,1.625,0.749,1
134,0.0,0.0,0.111,0.652,0.301,0.479,1.864,0.99,0
27,0.0,0.0,0.091,0.996,0.304,0.066,1.5,0.97,0
947,0.42,24.9,0.417,0.972,0.126,0.112,0.886,0.8,0
230,0.705,66.5,0.727,0.566,0.443,0.363,1.263,0.281,1
489,0.742,46.0,0.533,0.726,0.007,0.048,1.932,0.618,0
772,0.0,0.0,0.048,0.445,0.455,0.34,1.273,1.0,0
378,1.067,74.7,0.714,0.216,0.143,0.011,0.917,0.236,1
288,0.113,53.8,0.909,0.741,0.147,0.236,1.627,0.439,0
418,0.514,34.9,0.5,0.487,0.004,0.441,1.217,0.639,0
674,0.412,53.9,0.737,0.522,0.144,0.373,1.424,0.514,0
391,0.6,17.2,0.25,0.041,0.078,0.292,1.358,0.779,1
592,0.48,15.9,0.278,0.037,0.011,0.454,1.453,0.864,1
498,0.544,65.1,0.765,0.616,0.145,0.133,1.44,0.335,0
138,0.583,52.0,0.65,0.31,0.197,0.064,1.471,0.52,0
62,0.65,33.0,0.429,0.279,0.256,0.275,1.018,0.646,0
471,0.78,41.4,0.471,0.461,0.28,0.067,1.981,0.564,1
647,0.0,0.0,0.154,0.593,0.026,0.151,1.71,0.902,0
128,0.829,52.5,0.571,0.243,0.029,0.236,1.25,0.524,1
996,0.451,27.9,0.462,0.328,0.415,0.063,1.848,0.676,0
520,0.292,43.2,0.714,0.904,0.271,0.361,0.763,0.49,0
838,0.879,66.6,0.688,0.065,0.017,0.219,1.257,0.422,1
982,0.056,3.1,0.222,0.806,0.127,0.388,1.26,0.98,0
64,0.0,0.0,0.056,0.241,0.455,0.345,1.913,1.0,0
812,0.339,36.5,0.615,0.639,0.063,0.276,1.121,0.541,0
14,0.0,0.0,0.182,0.978,0.077,0.238,1.321,1.0,0
156,0.519,43.9,0.6,0.437,0.537,0.193,0.842,0.656,0
40,0.484,25.1,0.389,0.623,0.432,0.15,1.244,0.711,0
492,0.0,0.0,0.143,0.734,0.29,0.244,1.208,1.0,0
379,0.275,84.0,0.95,0.457,0.081,0.249,1.697,0.166,0
187,0.679,7.6,0.095,0.561,0.274,0.132,0.865,0.858,0
763,0.557,36.0,0.5,0.554,0.148,0.277,1.847,0.697,0
216,0.262,70.8,0.9,0.53,0.122,0.323,1.953,0.377,0
791,0.686,33.0,0.4,0.213,0.49,0.137,0.981,0.718,0
52,0.467,32.1,0.5,0.486,0.407,0.202,0.978,0.612,0
878,0.431,47.2,0.65,0.397,0.573,0.326,0.73,0.503,0
337,0.209,65.8,0.9,0.71,0.511,0.44,0.891,0.248,0
748,0.742,77.1,0.812,0.636,0.427,0.175,1.035,0.324,1
719,0.348,79.6,0.917,0.869,0.436,0.151,1.289,0.267,0
724,0.667,50.2,0.588,0.513,0.483,0.376,1.323,0.445,0
295,0.002,73.7,1.0,0.897,0.537,0.229,0.816,0.313,0
701,0.175,51.5,0.857,0.903,0.556,0.258,1.902,0.472,0
251,0.49,55.0,0.706,0.319,0.426,0.011,0.822,0.418,0
726,1.062,61.9,0.6,0.161,0.069,0.023,1.591,0.324,1
461,0.4,70.9,0.857,0.631,0.261,0.32,1.457,0.298,0
455,0.527,15.7,0.25,0.422,0.509,0.036,1.74,0.775,0
9001,1.2,100.0,1.0,0.0,0.0,0.0,0.85,0.0,1
815,0.179,4.9,0.176,0.13,0.491,0.332,1.929,0.883,0
862,0.556,19.9,0.3,0.832,0.101,0.223,1.733,0.724,0
269,1.083,59.3,0.571,0.398,0.099,0.032,0.772,0.364,1
201,0.415,43.1,0.625,0.368,0.287,0.227,0.846,0.667,0
161,0.003,57.5,1.0,0.949,0.407,0.474,1.16,0.4,0
555,0.0,0.0,0.15,0.837,0.278,0.278,1.906,1.0,0
729,0.235,54.9,0.833,0.943,0.126,0.024,0.822,0.355,0
401,1.28,25.5,0.2,0.063,0.14,0.007,0.702,0.831,1
702,0.842,46.0,0.5,0.556,0.286,0.014,1.981,0.47,0
476,0.812,55.7,0.6,0.021,0.052,0.259,1.855,0.44,1
821,0.271,26.3,0.545,0.767,0.099,0.104,1.656,0.646,0
771,0.0,0.0,0.15,0.672,0.496,0.179,0.723,0.935,0
105,0.467,88.4,0.938,0.419,0.531,0.327,1.561,0.182,0
565,0.216,49.7,0.81,0.576,0.341,0.352,1.211,0.426,0
389,1.167,65.0,0.6,0.203,0.166,0.091,0.71,0.391,1
1,0.0,0.0,0.1,0.602,0.39,0.272,0.969,0.944,0
990,0.923,22.8,0.238,0.187,0.082,0.095,1.523,0.721,1
9003,1.15,100.0,1.0,0.0,0.0,0.0,1.09,0.0,1
561,0.5,68.5,0.8,0.545,0.083,0.278,1.214,0.383,0
931,0.094,53.1,0.923,0.902,0.276,0.408,1.245,0.405,0
80,1.167,16.9,0.125,0.323,0.173,0.082,0.795,0.731,1
205,0.426,64.8,0.8,0.564,0.484,0.362,1.353,0.331,0
34,0.401,32.8,0.545,0.974,0.519,0.488,1.426,0.734,0
775,0.001,66.4,1.0,0.746,0.513,0.441,0.771,0.381,0
508,0.0,0.0,0.062,0.226,0.394,0.044,1.417,0.976,0
427,0.495,62.6,0.765,0.098,0.46,0.455,1.463,0.291,0
454,0.282,18.0,0.429,0.775,0.229,0.143,1.575,0.846,0
366,0.003,61.4,1.0,0.878,0.11,0.2,1.932,0.478,0
91,0.0,0.0,0.118,0.997,0.587,0.38,0.776,1.0,0
339,0.265,8.7,0.25,0.489,0.352,0.175,0.725,0.846,0
897,0.4,20.6,0.385,0.407,0.381,0.038,1.8,0.742,0
564,0.373,57.7,0.778,0.355,0.004,0.249,1.766,0.469,0
345,0.758,30.6,0.357,0.188,0.398,0.276,1.62,0.755,1
776,0.461,15.6,0.286,0.614,0.001,0.214,1.579,0.879,0
241,0.245,74.7,0.923,0.196,0.004,0.198,1.34,0.322,0
13,0.004,83.5,1.0,0.929,0.185,0.029,1.325,0.241,0
315,0.005,68.1,1.0,0.787,0.489,0.189,1.417,0.366,0
600,0.188,64.3,0.9,0.977,0.592,0.254,0.946,0.35,0
387,0.0,0.0,0.111,0.616,0.519,0.371,1.756,1.0,0
273,0.947,53.1,0.538,0.001,0.15,0.079,0.8,0.458,1
166,0.873,6.4,0.059,0.467,0.2,0.02,1.415,0.898,1
840,0.859,34.2,0.375,0.576,0.093,0.189,1.02,0.574,1
9001,1.2,100.0,1.0,0.0,0.0,0.0,0.85,0.0,1
646,0.528,21.1,0.333,0.691,0.011,0.242,1.971,0.775,0
818,0.833,78.0,0.8,0.391,0.152,0.048,1.625,0.244,1
484,0.256,64.9,0.867,0.266,0.501,0.039,0.769,0.294,0
9001,1.2,100.0,1.0,0.0,0.0,0.0,0.85,0.0,1
504,1.4,98.1,0.952,0.067,0.17,0.066,0.763,0.103,1
831,0.118,12.4,0.538,0.983,0.475,0.461,1.692,0.89,0
243,0.27,12.8,0.333,0.968,0.226,0.408,1.585,0.851,0
566,0.085,2.6,0.176,0.984,0.168,0.258,1.647,0.978,0
875,1.037,49.4,0.476,0.138,0.179,0.021,1.545,0.567,1
562,0.23,76.5,0.933,0.134,0.086,0.442,0.884,0.267,0
972,0.853,24.7,0.273,0.298,0.182,0.165,1.031,0.705,1
686,0.141,4.7,0.231,0.879,0.474,0.137,1.254,0.869,0
957,0.29,5.4,0.1,0.008,0.575,0.25,0.8,0.908,0
189,0.269,78.8,0.929,0.317,0.433,0.144,1.615,0.227,0
782,0.0,0.0,0.1,0.783,0.265,0.151,1.095,1.0,0
699,1.442,80.0,0.722,0.132,0.116,0.026,1.949,0.201,1
475,0.0,0.0,0.1,0.701,0.293,0.158,1.161,1.0,0
681,0.572,26.3,0.381,0.107,0.264,0.127,1.237,0.755,1
510,0.65,20.5,0.278,0.541,0.17,0.317,1.528,0.799,0
58,0.786,44.6,0.5,0.397,0.245,0.261,1.562,0.503,1
474,0.009,100.0,1.0,0.155,0.095,0.046,1.582,0.062,0
560,0.0,0.2,0.1,0.11,0.141,0.351,1.423,0.977,0
856,0.482,89.5,0.941,0.337,0.6,0.408,1.13,0.193,0
747,1.529,76.5,0.667,0.062,0.043,0.008,1.232,0.271,1
252,0.004,86.1,1.0,0.516,0.336,0.479,0.909,0.086,0
21,0.417,11.2,0.222,0.836,0.509,0.083,1.516,0.885,0
313,0.474,17.2,0.3,0.774,0.576,0.187,1.604,0.917,0
459,0.249,9.5,0.263,0.309,0.266,0.063,1.531,0.911,0
160,0.179,25.7,0.65,0.953,0.407,0.219,1.366,0.668,0
276,0.0,0.0,0.053,0.351,0.091,0.206,1.531,1.0,0
955,0.47,49.4,0.667,0.24,0.039,0.299,1.796,0.558,0
191,0.222,21.2,0.529,0.828,0.418,0.069,1.321,0.811,0
385,1.089,71.8,0.7,0.286,0.003,0.011,1.667,0.258,1
805,0.859,52.4,0.55,0.191,0.34,0.181,1.079,0.524,1
413,0.75,45.8,0.526,0.091,0.298,0.297,1.294,0.603,1
491,0.001,78.5,1.0,0.356,0.534,0.125,0.794,0.166,0
343,0.604,66.6,0.75,0.302,0.237,0.051,1.023,0.337,0
769,0.174,50.7,0.846,0.959,0.08,0.461,1.125,0.515,0
308,0.447,64.2,0.8,1.0,0.149,0.121,1.152,0.364,0
661,0.003,81.7,1.0,0.991,0.23,0.157,1.933,0.158,0
130,0.75,22.2,0.25,0.197,0.342,0.026,0.811,0.869,1
663,0.258,72.5,0.909,0.685,0.337,0.078,1.333,0.186,0
871,0.734,17.7,0.222,0.478,0.136,0.354,1.974,0.734,1
99,0.5,67.7,0.8,0.327,0.079,0.27,0.794,0.418,0
372,0.233,79.4,0.941,0.321,0.03,0.111,0.912,0.234,0
87,0.149,68.2,0.933,0.572,0.246,0.159,1.972,0.313,0
458,0.25,27.7,0.583,0.548,0.314,0.498,0.818,0.644,0
330,0.248,37.7,0.7,0.834,0.549,0.034,1.972,0.6,0
214,0.965,27.9,0.286,0.496,0.158,0.106,1.58,0.685,1
466,0.244,18.1,0.45,0.809,0.109,0.145,1.538,0.846,0
121,0.575,75.3,0.833,0.741,0.448,0.108,1.216,0.231,0
614,0.491,42.4,0.6,0.698,0.477,0.394,1.065,0.492,0
20,0.454,22.7,0.364,0.14,0.15,0.462,0.944,0.762,0
700,0.002,76.7,1.0,0.71,0.07,0.022,0.864,0.159,0
71,0.45,33.4,0.526,0.558,0.474,0.113,1.969,0.671,0
106,0.28,44.5,0.737,0.69,0.57,0.428,1.933,0.475,0
270,0.23,8.8,0.278,0.894,0.06,0.392,1.792,0.904,0
860,0.732,45.0,0.524,0.485,0.038,0.157,1.275,0.636,1
435,0.686,46.2,0.556,0.511,0.087,0.015,0.722,0.486,0
102,0.288,2.7,0.062,0.369,0.351,0.411,1.395,1.0,0
